<?xml version='1.0' encoding='utf-8'?>
<!DOCTYPE hibernate-configuration PUBLIC
"-//Hibernate/Hibernate Configuration DTD//EN"
"http://hibernate.sourceforge.net/hibernate-configuration-3.0.dtd">

<hibernate-configuration>
	<session-factory>
		
		<property name="hibernate.connection.driver_class">com.mysql.jdbc.Driver</property>
		<property name="hibernate.connection.url">jdbc:mysql://localhost/nome_do_banco</property>
		<property name="hibernate.connection.username">root</property>
		<property name="hibernate.connection.password"></property>
		<property name="hibernate.show_sql">true</property>
		<property name="hibernate.format_sql">true</property>
		<property name="hibernate.dialect">org.hibernate.dialect.MySQLInnoDBDialect</property>

		<mapping class="br.com.caelum.SUA_CLASSE_AQUI!!"/>
		<mapping class="br.com.caelum.SUA_CLASSE_AQUI!!"/>
	
	</session-factory>
</hibernate-configuration>